Maker,Model,Vehicle type,Model year,Part name,Position,Image
その他,スマートフォーフォー,,,mission,,"12346_20027_aOHP.jpg, 12346_20028_rEBr.jpg, 12346_20029_JGKi.jpg"
ﾒﾙｾﾃﾞｽﾍﾞﾝﾂ,B170,,,mission,,"1423_1687_fgPa.jpg, 1423_1688_J7b6.jpg"
ｱｳﾃﾞｨ,TTC 3.2Q SLINE 2D,GH-8NBHEF,2004,mission,,"8016_11515_G3xk.jpg, 8016_11516_cioq.jpg"
その他,スマートフォーフォー,,,mission,,"8124_11693_66Oc.jpg, 8124_11694_47wn.jpg, 8124_11695_GeiQ.jpg, 8124_11696_I38s.jpg"
ﾒﾙｾﾃﾞｽﾍﾞﾝﾂ,,,,mission,,6838_9893_fYWs.jpg
ﾒﾙｾﾃﾞｽﾍﾞﾝﾂ,,,,mission,,9554_14216_aPte.jpg
ﾒﾙｾﾃﾞｽﾍﾞﾝﾂ,,,,pse pump,,6608_9570_12ED.jpg
ﾒﾙｾﾃﾞｽﾍﾞﾝﾂ,,,,pse pump,,"11351_18147_mSQQ.jpg, 11351_18148_xCSi.jpg"
ﾒﾙｾﾃﾞｽﾍﾞﾝﾂ,CL500,,2003/Y,pse pump,,"3975_5556_v8AA.jpg, 3975_5557_39p6.jpg"
ﾒﾙｾﾃﾞｽﾍﾞﾝﾂ,S600,,,pse pump,,"4289_5939_YLrs.jpg, 4289_5940_E3UV.jpg"
ﾒﾙｾﾃﾞｽﾍﾞﾝﾂ,,,2003,pse pump,,"777_863_K700.jpg, 777_864_vwFJ.jpg"
ﾒﾙｾﾃﾞｽﾍﾞﾝﾂ,,,1998,pse pump,,8128_11704_M43T.jpg
MCC,,,,door lining,right,"818_909_CvZo.jpg, 818_910_ycri.jpg"
ﾒﾙｾﾃﾞｽﾍﾞﾝﾂ,,,,door lining,left,4171_5789_fYXe.jpg
ﾒﾙｾﾃﾞｽﾍﾞﾝﾂ,,,,door lining,"left, front","13204_21891_nFs2.jpg, 13204_21892_45VC.jpg"
ﾒﾙｾﾃﾞｽﾍﾞﾝﾂ,,,,door lining,right,4147_5762_Mu9c.jpg
ﾒﾙｾﾃﾞｽﾍﾞﾝﾂ,,,,door lining,"left, rear","4673_6472_RBFe.jpg, 4673_6473_Zsxq.jpg, 4673_6474_1roD.jpg"
ﾒﾙｾﾃﾞｽﾍﾞﾝﾂ,,,,door lining,"right, front",3733_5193_Vve1.jpg
ﾒﾙｾﾃﾞｽﾍﾞﾝﾂ,E280,124028,1994,door,"right, front",4838_6707_eodV.jpg
ｵﾍﾟﾙ,ザフィーラ,,2000,door,"right, rear",3458_4830_yLnv.jpg
BMW,116I,,2010,door,"left, rear",2622_3602_W41E.jpg
ﾒﾙｾﾃﾞｽﾍﾞﾝﾂ,C200,204048,2014,door,"left, front","8042_11550_L4Ky.jpg, 8042_11551_GafK.jpg"
ﾒﾙｾﾃﾞｽﾍﾞﾝﾂ,A190,,2002,door,"right, rear","11712_18841_Rp4c.jpg, 11712_18842_yWzj.jpg"
ﾒﾙｾﾃﾞｽﾍﾞﾝﾂ,C200,GF-202020,2000,door,"left, rear","10589_16586_Wtv5.jpg, 10589_16587_Ez2Z.jpg, 10589_16588_FI0f.jpg"
ﾒﾙｾﾃﾞｽﾍﾞﾝﾂ,E240AV,GH-211061,2004,fender,"left, front","11241_17940_RRrE.jpg, 11241_17941_VXMs.jpg"
その他,シエンタ,,,fender,"right, front","10598_16599_hpQt.jpg, 10598_16600_Or5S.jpg"
その他,スマ－トブラバス,,,fender,"right, front","2397_3253_CIvH.jpg, 2397_3254_bmwd.jpg, 2397_3255_ecfK.jpg"
ﾒﾙｾﾃﾞｽﾍﾞﾝﾂ,ML320,163154,2000,fender,"right, front","10146_15534_H7PL.jpg, 10146_15535_F3Va.jpg, 10146_15536_GTCg.jpg, 10146_15537_ag9B.jpg"
ﾒﾙｾﾃﾞｽﾍﾞﾝﾂ,C200,204041,2009,fender,"right, front","13516_22626_QHu3.jpg, 13516_22627_rDCC.jpg, 13516_22628_h8sx.jpg"
ﾒﾙｾﾃﾞｽﾍﾞﾝﾂ,S350,,2005,fender,"right, front",2867_3970_O21b.jpg
ﾒﾙｾﾃﾞｽﾍﾞﾝﾂ,,,,alternator,,"2302_3094_xcry.jpg, 2302_3095_dxoQ.jpg"
ｵﾍﾟﾙ,VEVTRA,E-XH200,1998,alternator,,4121_5731_2fFq.jpg
ﾒﾙｾﾃﾞｽﾍﾞﾝﾂ,,,,alternator,,"12046_19470_Tas2.jpg, 12046_19471_iGg3.jpg, 12046_19472_zcbn.jpg"
ｻｰﾌﾞ,900,E-DB204L,1998,alternator,,"3805_5294_hb6p.jpg, 3805_5295_duXr.jpg"
ｵﾍﾟﾙ,,,,alternator,,"4016_5602_1atw.jpg, 4016_5603_D1mg.jpg"
その他,SMART K,,2003,alternator,,9672_14473_ESlq.jpg
ﾒﾙｾﾃﾞｽﾍﾞﾝﾂ,E350,,2006,shock absorber,front,"10887_17283_Rwph.jpg, 10887_17284_DxgY.jpg"
ﾜｰｹﾞﾝ,ビートル,,2007,shock absorber,"left, front","5916_8467_lhIv.jpg, 5916_8468_0lJT.jpg"
ﾒﾙｾﾃﾞｽﾍﾞﾝﾂ,C200,,,shock absorber,"right, front","11575_18581_Qx3F.jpg, 11575_18582_dbjw.jpg"
その他,トヨタBB,DBA-QNC20,2008,shock absorber,"left, front",12414_20156_VGVm.jpg
ﾒﾙｾﾃﾞｽﾍﾞﾝﾂ,C200,,,shock absorber,"left, front","11576_18583_3vTZ.jpg, 11576_18584_qF9K.jpg"
ｷｬﾃﾞﾗｯｸ,STS SR N,6KYANR,1999,shock absorber,"right, front","3738_5201_FatV.jpg, 3738_5202_evxB.jpg, 3738_5203_zR8a.jpg"
ﾒﾙｾﾃﾞｽﾍﾞﾝﾂ,,,2004,sam,rear,"950_1076_Npt8.jpg, 950_1077_Cc49.jpg"
ﾒﾙｾﾃﾞｽﾍﾞﾝﾂ,,,,sam,front,3895_5421_YuIp.jpg
ﾒﾙｾﾃﾞｽﾍﾞﾝﾂ,,,,sam,rear,"10441_16243_JhzR.jpg, 10441_16244_etZA.jpg, 10441_16245_e3kI.jpg"
ﾒﾙｾﾃﾞｽﾍﾞﾝﾂ,,,2001,sam,rear,"9102_13387_N5GG.jpg, 9102_13388_GypJ.jpg, 9102_13389_xjs9.jpg"
ﾒﾙｾﾃﾞｽﾍﾞﾝﾂ,S320,GF-220065,1999,sam,"left, front","2754_3800_Zcj8.jpg, 2754_3801_PLh8.jpg"
ﾒﾙｾﾃﾞｽﾍﾞﾝﾂ,,-219356C-,,sam,front,"3700_5145_Wu5T.jpg, 3700_5146_x4sO.jpg"
ﾒﾙｾﾃﾞｽﾍﾞﾝﾂ,,,2007,exhaust pipe,front,4492_6226_RV0p.jpg
ﾒﾙｾﾃﾞｽﾍﾞﾝﾂ,E240,GH-211061,2003,exhaust pipe,left,"11707_18832_cgmz.jpg, 11707_18833_B6Yo.jpg"
ﾒﾙｾﾃﾞｽﾍﾞﾝﾂ,C200,DBA-204241,2009/6,exhaust pipe,,"10837_17170_H5J9.jpg, 10837_17171_Kn2d.jpg, 10837_17172_vM0z.jpg"
ﾒﾙｾﾃﾞｽﾍﾞﾝﾂ,C250AV,,2010,exhaust pipe,,"12940_21275_bJEb.jpg, 12940_21276_XVGz.jpg, 12940_21277_EPcA.jpg"
ﾒﾙｾﾃﾞｽﾍﾞﾝﾂ,,,,exhaust pipe,right,"8698_12686_4OqE.jpg, 8698_12687_3Dln.jpg"
ﾒﾙｾﾃﾞｽﾍﾞﾝﾂ,,,,exhaust pipe,,"9488_14084_xlfB.jpg, 9488_14085_Dgz7.jpg, 9488_14086_uHHN.jpg, 9488_14087_RgT5.jpg"
ﾒﾙｾﾃﾞｽﾍﾞﾝﾂ,C220,,,winker,"left, front",2949_4087_sPrJ.jpg
ﾒﾙｾﾃﾞｽﾍﾞﾝﾂ,,E-140032M,1995,winker,"right, front","11325_18104_clCj.jpg, 11325_18105_mKuJ.jpg, 11325_18106_8lYS.jpg"
ﾒﾙｾﾃﾞｽﾍﾞﾝﾂ,,E-140032M,1995,winker,"left, front","11324_18102_9paI.jpg, 11324_18103_Eogb.jpg"
ｻｰﾌﾞ,9-3 2.0,,1999,winker,left,12576_20482_CZt8.jpg
その他,ｷｬﾗﾊﾞﾝ,GE-VPE25,,winker,"left, front","2077_2747_J4E0.jpg, 2077_2748_mn6q.jpg"
ﾒﾙｾﾃﾞｽﾍﾞﾝﾂ,,,,winker,,4250_5881_Bjzt.jpg
ﾒﾙｾﾃﾞｽﾍﾞﾝﾂ,,,,catalyst,left,"1973_2589_R0bP.jpg, 1973_2590_sGu4.jpg"
ﾒﾙｾﾃﾞｽﾍﾞﾝﾂ,,,2003,catalyst,right,7593_10859_hohJ.jpg
ﾒﾙｾﾃﾞｽﾍﾞﾝﾂ,,,,catalyst,right,"8647_12586_hovi.jpg, 8647_12587_IMb5.jpg, 8647_12588_qDBj.jpg"
ﾒﾙｾﾃﾞｽﾍﾞﾝﾂ,,,,catalyst,left,"11017_17528_4tQD.jpg, 11017_17529_g2kM.jpg"
ﾒﾙｾﾃﾞｽﾍﾞﾝﾂ,E320,,2003,catalyst,right,"11174_17811_fbZ7.jpg, 11174_17812_CvTW.jpg"
ﾒﾙｾﾃﾞｽﾍﾞﾝﾂ,E50AMG,無し,1996,catalyst,right,6436_9328_kfPi.jpg
ﾒﾙｾﾃﾞｽﾍﾞﾝﾂ,,,,a/c condenser,,"799_881_n3yL.jpg, 799_882_04eu.jpg"
ﾒﾙｾﾃﾞｽﾍﾞﾝﾂ,B180,DBA-246242,2013,a/c condenser,,"12207_19770_2O75.jpg, 12207_19771_xoly.jpg, 12207_19772_FmWO.jpg"
ﾒﾙｾﾃﾞｽﾍﾞﾝﾂ,,,,a/c condenser,,"6988_10066_UY6W.jpg, 6988_10067_X46R.jpg"
ｵﾍﾟﾙ,,GF-XK180,1999,a/c condenser,,6759_9789_iuGN.jpg
ｵﾍﾟﾙ,ZAFIRA,,2000,a/c condenser,,"6667_9653_JOgs.jpg, 6667_9654_0umE.jpg"
ﾒﾙｾﾃﾞｽﾍﾞﾝﾂ,A170,,,a/c condenser,,"9784_14710_AM1R.jpg, 9784_14711_WNkY.jpg"
ﾒﾙｾﾃﾞｽﾍﾞﾝﾂ,CL 600,GH-215378,2001,speed meter,,"10225_15704_vKqH.jpg, 10225_15705_KqKu.jpg, 10225_15706_oJgd.jpg"
ﾒﾙｾﾃﾞｽﾍﾞﾝﾂ,A160,GH-168133,2003,speed meter,,"3783_5268_8rip.jpg, 3783_5269_y8wC.jpg, 3783_5270_BFax.jpg"
ﾒﾙｾﾃﾞｽﾍﾞﾝﾂ,,,,speed meter,,"8330_12052_eD5m.jpg, 8330_12053_Z5en.jpg"
ﾒﾙｾﾃﾞｽﾍﾞﾝﾂ,,,1999,speed meter,,"13715_23132_ilRz.jpg, 13715_23133_50GK.jpg, 13715_23134_ICCW.jpg"
ﾜｰｹﾞﾝ,ゴルフ,E-19RV,1988,speed meter,,"13225_21940_5RMb.jpg, 13225_21941_F3ne.jpg, 13225_21942_GEYg.jpg"
ﾒﾙｾﾃﾞｽﾍﾞﾝﾂ,CLK200,GF-208335,2000,speed meter,,"10721_16904_9OTN.jpg, 10721_16905_0u4V.jpg, 10721_16906_ZlP4.jpg"
ﾒﾙｾﾃﾞｽﾍﾞﾝﾂ,E350ワゴン,,2006,radius arm,right,"10353_16006_u1m8.jpg, 10353_16007_vNdB.jpg, 10353_16008_yLQM.jpg"
ﾒﾙｾﾃﾞｽﾍﾞﾝﾂ,S550,,,radius arm,left,"12602_20530_OM1e.jpg, 12602_20531_EpU1.jpg"
ﾒﾙｾﾃﾞｽﾍﾞﾝﾂ,,,,radius arm,left,"608_639_8VGQ.jpg, 608_640_KNhX.jpg"
ﾒﾙｾﾃﾞｽﾍﾞﾝﾂ,E320,,,radius arm,"right, front","6712_9715_EZuz.jpg, 6712_9716_SDAO.jpg"
ﾒﾙｾﾃﾞｽﾍﾞﾝﾂ,S500 LONG,,,radius arm,"front, rear","7820_11174_xheL.jpg, 7820_11175_pCZ9.jpg"
ﾒﾙｾﾃﾞｽﾍﾞﾝﾂ,,,,radius arm,left,5625_8006_7bcO.jpg
ﾒﾙｾﾃﾞｽﾍﾞﾝﾂ,211,,,throttle actuator,,"9252_13654_ns7P.jpg, 9252_13655_c9pu.jpg, 9252_13656_kDdK.jpg"
ﾒﾙｾﾃﾞｽﾍﾞﾝﾂ,CLS350,,2005,throttle actuator,,2861_3960_QWYw.jpg
ﾒﾙｾﾃﾞｽﾍﾞﾝﾂ,C200,202080,2000,throttle actuator,,"7792_11133_hsDg.jpg, 7792_11134_nScz.jpg"
ﾒﾙｾﾃﾞｽﾍﾞﾝﾂ,,GF-638230改,2000,throttle actuator,,"12387_20103_A0FM.jpg, 12387_20104_IgUU.jpg"
ﾒﾙｾﾃﾞｽﾍﾞﾝﾂ,C180,GF-203035,2001,throttle actuator,,"9285_13724_msj3.jpg, 9285_13725_BDF7.jpg, 9285_13726_uOAy.jpg"
ﾋﾞｭｲｯｸ,リーガルワゴン,E-BA43CW,1996,throttle actuator,,"4864_6753_dZZy.jpg, 4864_6754_Vn7J.jpg, 4864_6755_v2X5.jpg, 4864_6756_kiGo.jpg, 4864_6757_AutF.jpg"
ﾒﾙｾﾃﾞｽﾍﾞﾝﾂ,E240,,2002,sun visor,right,"3757_5235_9z2N.jpg, 3757_5236_rbsu.jpg, 3757_5237_z3Lw.jpg"
ﾒﾙｾﾃﾞｽﾍﾞﾝﾂ,,,,sun visor,right,"2988_4138_M4hd.jpg, 2988_4139_q4pO.jpg, 2988_4140_04CW.jpg"
ﾒﾙｾﾃﾞｽﾍﾞﾝﾂ,,GF-220075,2002,sun visor,left,"11106_17690_DYYM.jpg, 11106_17691_Ub1Y.jpg, 11106_17692_wEsU.jpg"
ﾒﾙｾﾃﾞｽﾍﾞﾝﾂ,,,,sun visor,left,"7994_11477_V927.jpg, 7994_11478_lMdL.jpg"
ﾒﾙｾﾃﾞｽﾍﾞﾝﾂ,,,,sun visor,right,"7906_11322_MPTg.jpg, 7906_11323_RdOC.jpg, 7906_11324_IIEz.jpg"
ﾒﾙｾﾃﾞｽﾍﾞﾝﾂ,,,,sun visor,left,"6456_9347_VbrH.jpg, 6456_9348_Piya.jpg"
ﾒﾙｾﾃﾞｽﾍﾞﾝﾂ,E280T,,1995,abs/asr control unit,,"2086_2756_2m2t.jpg, 2086_2757_3HmC.jpg"
ｸﾗｲｽﾗｰ,3PT,GH-PT2K20,2003,abs/asr control unit,,"4282_5928_kanX.jpg, 4282_5929_djg8.jpg, 4282_5930_HSg6.jpg"
ｻｰﾌﾞ,9-3 SE,GF-DB204,2000,abs/asr control unit,,"12986_21376_eHkc.jpg, 12986_21377_sb4u.jpg, 12986_21378_u5ji.jpg, 12986_21379_oySg.jpg, 12986_21380_FxrE.jpg"
ﾒﾙｾﾃﾞｽﾍﾞﾝﾂ,ML320,,2002,abs/asr control unit,,"4634_6411_eq1k.jpg, 4634_6412_b16c.jpg, 4634_6413_t3w1.jpg, 4634_6414_ap64.jpg"
ｷｬﾃﾞﾗｯｸ,ｾﾋﾞﾙ,E-AK34K,1996,abs/asr control unit,,"4591_6356_yZxW.jpg, 4591_6357_Q229.jpg"
ﾒﾙｾﾃﾞｽﾍﾞﾝﾂ,SLK230,,2000,abs/asr control unit,,"13683_23057_e00u.jpg, 13683_23058_VL4d.jpg"
ﾒﾙｾﾃﾞｽﾍﾞﾝﾂ,S350 LHD,,2005/Y,brake caliper,"right, rear","5644_8032_mdtH.jpg, 5644_8033_Fu1Q.jpg, 5644_8034_0JqT.jpg"
ﾒﾙｾﾃﾞｽﾍﾞﾝﾂ,S320,,1996,brake caliper,"left, rear",10073_15378_rtsC.jpg
ｵﾍﾟﾙ,アストラワゴンＣＤ,GF-XK180,2000,brake caliper,"left, rear",5559_7916_CaoA.jpg
ﾒﾙｾﾃﾞｽﾍﾞﾝﾂ,S350,,2008,brake caliper,"right, front","11081_17648_B1gI.jpg, 11081_17649_nn5H.jpg"
ﾒﾙｾﾃﾞｽﾍﾞﾝﾂ,SL320,E-129063,1998,brake caliper,"right, front","5964_8541_H0qW.jpg, 5964_8542_nTJq.jpg"
ﾒﾙｾﾃﾞｽﾍﾞﾝﾂ,S600,ABA-221176,2007,brake caliper,"left, rear",12797_20943_jvHJ.jpg
ﾒﾙｾﾃﾞｽﾍﾞﾝﾂ,C240,,,esp control unit,,9633_14389_BRFc.jpg
ﾒﾙｾﾃﾞｽﾍﾞﾝﾂ,E350,,,esp control unit,,"12751_20847_o2w3.jpg, 12751_20848_d5rZ.jpg"
ﾒﾙｾﾃﾞｽﾍﾞﾝﾂ,,,,esp control unit,,"3130_4350_DbTq.jpg, 3130_4351_w0PE.jpg"
ﾒﾙｾﾃﾞｽﾍﾞﾝﾂ,,,,esp control unit,,7815_11168_B7Yn.jpg
ﾒﾙｾﾃﾞｽﾍﾞﾝﾂ,,,,esp control unit,,"4765_6596_0agt.jpg, 4765_6597_UOBW.jpg, 4765_6598_cFlV.jpg"
ﾒﾙｾﾃﾞｽﾍﾞﾝﾂ,,GF-170449,2001,esp control unit,,"13536_22680_wb1m.jpg, 13536_22681_wQ39.jpg"
その他,4WD,UA-ANH10W,2003,radiator,,"8106_11663_oaWS.jpg, 8106_11664_ADUV.jpg"
ｷｬﾃﾞﾗｯｸ,ドウビル　DHS,GF-AK64K,2000,radiator,,"5166_7273_sRva.jpg, 5166_7274_rKN3.jpg"
ｻｰﾌﾞ,,,,radiator,,"7361_10540_ZKJP.jpg, 7361_10541_wcKf.jpg"
ﾒﾙｾﾃﾞｽﾍﾞﾝﾂ,,,,radiator,,7198_10335_bGWF.jpg
ｻｰﾌﾞ,900,E-DB234I,1994,radiator,,"1828_2359_iyaJ.jpg, 1828_2360_LYcR.jpg, 1828_2361_Bf1m.jpg"
ﾒﾙｾﾃﾞｽﾍﾞﾝﾂ,S600L,,,radiator,,"10978_17450_BbsL.jpg, 10978_17451_ilKZ.jpg, 10978_17452_i4aN.jpg"
ﾒﾙｾﾃﾞｽﾍﾞﾝﾂ,E320,GF-210065,2001,door mold,"right, rear",1346_1574_D7hq.jpg
ﾒﾙｾﾃﾞｽﾍﾞﾝﾂ,C240,,2002,door mold,"left, front",2198_2934_IizI.jpg
ﾒﾙｾﾃﾞｽﾍﾞﾝﾂ,190E,201029,1992,door mold,"right, rear","6664_9647_RS8B.jpg, 6664_9648_bzHf.jpg"
ﾒﾙｾﾃﾞｽﾍﾞﾝﾂ,190E,201024,1990,door mold,"left, rear","9840_14826_Gk04.jpg, 9840_14827_hn0b.jpg, 9840_14828_x214.jpg, 9840_14829_m51i.jpg, 9840_14830_twUL.jpg"
ﾒﾙｾﾃﾞｽﾍﾞﾝﾂ,C200,203042,2003,door mold,"left, rear",6321_9128_7hUk.jpg
ﾒﾙｾﾃﾞｽﾍﾞﾝﾂ,,,,door mold,"right, front","10100_15431_oBYX.jpg, 10100_15432_DTpl.jpg"
ﾒﾙｾﾃﾞｽﾍﾞﾝﾂ,,E-210037,1998,upper arm,"right, front",9314_13781_8rsR.jpg
ﾒﾙｾﾃﾞｽﾍﾞﾝﾂ,,,,upper arm,"right, front","3538_4947_uqo0.jpg, 3538_4948_Yvji.jpg, 3538_4949_UmVN.jpg"
ﾒﾙｾﾃﾞｽﾍﾞﾝﾂ,,,,upper arm,"right, rear","12670_20667_Hb2e.jpg, 12670_20668_sFpq.jpg"
ﾒﾙｾﾃﾞｽﾍﾞﾝﾂ,S320,,2001,upper arm,"right, front","11872_19128_SHQu.jpg, 11872_19129_kddm.jpg"
ﾒﾙｾﾃﾞｽﾍﾞﾝﾂ,,,,upper arm,"right, front","12562_20453_hEtE.jpg, 12562_20454_JBRU.jpg, 12562_20455_oVqX.jpg"
ﾒﾙｾﾃﾞｽﾍﾞﾝﾂ,,,,upper arm,left,"12462_20261_R0So.jpg, 12462_20262_jSwY.jpg"
ﾒﾙｾﾃﾞｽﾍﾞﾝﾂ,,DBA-169032,,caliper,"left, front","5361_7594_HrOU.jpg, 5361_7595_oqrG.jpg"
ﾒﾙｾﾃﾞｽﾍﾞﾝﾂ,E500,,2006,caliper,"left, front","6211_8950_TMkY.jpg, 6211_8951_K3XI.jpg"
ｷｬﾃﾞﾗｯｸ,,,,caliper,rear,1919_2516_0ITk.jpg
ﾒﾙｾﾃﾞｽﾍﾞﾝﾂ,,,,caliper,"right, front",9847_14843_ee7w.jpg
ﾒﾙｾﾃﾞｽﾍﾞﾝﾂ,E420 T,GH-210272,1997,caliper,"left, front",5783_8261_P8B6.jpg
ﾒﾙｾﾃﾞｽﾍﾞﾝﾂ,,,,caliper,"left, rear","10782_17057_yid1.jpg, 10782_17058_P0If.jpg"
ﾒﾙｾﾃﾞｽﾍﾞﾝﾂ,,,,air suspension shock,left,"13165_21791_AQC0.jpg, 13165_21792_tTnF.jpg, 13165_21793_ATs1.jpg"
ﾒﾙｾﾃﾞｽﾍﾞﾝﾂ,W211 E500ﾜｺﾞﾝ,,2004,air suspension shock,"right, front","9198_13557_Etc2.jpg, 9198_13558_W3E8.jpg"
ﾒﾙｾﾃﾞｽﾍﾞﾝﾂ,E500,,,air suspension shock,"left, front",3508_4916_Xp7z.jpg
ﾒﾙｾﾃﾞｽﾍﾞﾝﾂ,,,,air suspension shock,front,8755_12783_RM8Z.jpg
ﾒﾙｾﾃﾞｽﾍﾞﾝﾂ,,,,air suspension shock,"left, rear","12223_19807_uWER.jpg, 12223_19808_lpcn.jpg"
ﾒﾙｾﾃﾞｽﾍﾞﾝﾂ,E500,,,air suspension shock,"left, front",7928_11363_lK3h.jpg
ﾒﾙｾﾃﾞｽﾍﾞﾝﾂ,E240,,2003,wiper linkage,,"3746_5213_4AqA.jpg, 3746_5214_0MJ1.jpg"
ﾒﾙｾﾃﾞｽﾍﾞﾝﾂ,,,,wiper linkage,front,"9176_13517_4Zt5.jpg, 9176_13518_6l9T.jpg"
ﾒﾙｾﾃﾞｽﾍﾞﾝﾂ,C200,,2009,wiper linkage,,"3011_4181_yeke.jpg, 3011_4182_m2Ro.jpg"
ﾒﾙｾﾃﾞｽﾍﾞﾝﾂ,220TE,,1993,wiper linkage,front,"6156_8866_G1rl.jpg, 6156_8867_zhMe.jpg"
ﾒﾙｾﾃﾞｽﾍﾞﾝﾂ,W202 C200,,1999,wiper linkage,,"12760_20863_9vvW.jpg, 12760_20864_AHFP.jpg"
ﾒﾙｾﾃﾞｽﾍﾞﾝﾂ,,,,wiper linkage,,"2293_3075_COn4.jpg, 2293_3076_deyC.jpg"
ﾒﾙｾﾃﾞｽﾍﾞﾝﾂ,,,,air pump,,"8141_11721_Sttu.jpg, 8141_11722_Pzpp.jpg"
ﾒﾙｾﾃﾞｽﾍﾞﾝﾂ,E240,,2004,air pump,,"12620_20571_Kl0j.jpg, 12620_20572_Sn2k.jpg"
ﾒﾙｾﾃﾞｽﾍﾞﾝﾂ,,,,air pump,,"12616_20564_k7k9.jpg, 12616_20565_FH0K.jpg"
ﾒﾙｾﾃﾞｽﾍﾞﾝﾂ,E320AV,,2002,air pump,,"1792_2292_fzUu.jpg, 1792_2293_90Xk.jpg, 1792_2294_WV1G.jpg"
ﾒﾙｾﾃﾞｽﾍﾞﾝﾂ,,,2006,air pump,,"2721_3756_3i8q.jpg, 2721_3757_yrCQ.jpg"
ﾒﾙｾﾃﾞｽﾍﾞﾝﾂ,CL550,DBA-216371,2007,air pump,,"10156_15563_1BSu.jpg, 10156_15564_eF9B.jpg"
ﾒﾙｾﾃﾞｽﾍﾞﾝﾂ,,,,door control unit,front,"13389_22317_ueAM.jpg, 13389_22318_dsMn.jpg"
ﾒﾙｾﾃﾞｽﾍﾞﾝﾂ,,,,door control unit,"right, front",2057_2722_4dbM.jpg
ﾒﾙｾﾃﾞｽﾍﾞﾝﾂ,S320,,1999,door control unit,"right, front","11735_18877_WzxS.jpg, 11735_18878_g9sY.jpg"
ﾒﾙｾﾃﾞｽﾍﾞﾝﾂ,,,2002,door control unit,"right, front","10450_16268_ojWA.jpg, 10450_16269_QzVq.jpg"
ﾒﾙｾﾃﾞｽﾍﾞﾝﾂ,,,,door control unit,"right, rear",5056_7081_bZj9.jpg
ﾒﾙｾﾃﾞｽﾍﾞﾝﾂ,E320 4MATIC,,,door control unit,"left, front",7857_11234_gAn1.jpg
ﾒﾙｾﾃﾞｽﾍﾞﾝﾂ,,,,drive shaft,right,"12372_20078_Aknh.jpg, 12372_20079_2xRv.jpg, 12372_20080_nPoJ.jpg"
ﾒﾙｾﾃﾞｽﾍﾞﾝﾂ,,,,drive shaft,"left, front",6929_10007_nYTA.jpg
ﾒﾙｾﾃﾞｽﾍﾞﾝﾂ,,,2006,drive shaft,right,"2918_4045_02WK.jpg, 2918_4046_9sYL.jpg, 2918_4047_76d3.jpg"
ﾒﾙｾﾃﾞｽﾍﾞﾝﾂ,A170,DBA-169032,2007,drive shaft,left,7302_10467_rKBQ.jpg
ﾒﾙｾﾃﾞｽﾍﾞﾝﾂ,,,,drive shaft,right,"13082_21611_1LlX.jpg, 13082_21612_rRXA.jpg, 13082_21613_e3TI.jpg"
ﾜｰｹﾞﾝ,,,,drive shaft,"left, front","10288_15858_8uBU.jpg, 10288_15859_ID7I.jpg, 10288_15860_sWFk.jpg"
ﾒﾙｾﾃﾞｽﾍﾞﾝﾂ,,,,pump,,"11520_18481_8gHD.jpg, 11520_18482_xwaB.jpg"
ﾒﾙｾﾃﾞｽﾍﾞﾝﾂ,S500,,,pump,,"9894_14939_QApo.jpg, 9894_14940_PenN.jpg"
ﾒﾙｾﾃﾞｽﾍﾞﾝﾂ,,,,pump,,"13654_22980_R0Ca.jpg, 13654_22981_ZeTC.jpg, 13654_22982_Q5lH.jpg"
ﾒﾙｾﾃﾞｽﾍﾞﾝﾂ,,,,pump,,"5275_7457_EkR2.jpg, 5275_7458_USI0.jpg"
ﾒﾙｾﾃﾞｽﾍﾞﾝﾂ,,,,pump,,"8971_13182_4Py2.jpg, 8971_13183_58b5.jpg"
ﾒﾙｾﾃﾞｽﾍﾞﾝﾂ,,,,pump,,1664_2072_yQuG.jpg
ﾒﾙｾﾃﾞｽﾍﾞﾝﾂ,,,,seat,right,"9862_14876_ClC8.jpg, 9862_14877_ZHeR.jpg, 9862_14878_B2jB.jpg"
ﾒﾙｾﾃﾞｽﾍﾞﾝﾂ,A200,,2006,seat,right,"743_820_I8D2.jpg, 743_821_OMQ1.jpg, 743_822_uu1n.jpg"
ﾒﾙｾﾃﾞｽﾍﾞﾝﾂ,,,,seat,right,"8892_13030_Pu5L.jpg, 8892_13031_lEwu.jpg, 8892_13032_3Agn.jpg, 8892_13033_PKQ7.jpg, 8892_13034_7LPh.jpg"
ﾒﾙｾﾃﾞｽﾍﾞﾝﾂ,260E,E-124026,1990,seat,"right, front","1074_1224_2CpV.jpg, 1074_1225_dm3E.jpg, 1074_1226_PNuO.jpg"
ｵﾍﾟﾙ,VITA,E-XG140,1998,seat,"right, front","3018_4197_fIMI.jpg, 3018_4198_EG1R.jpg"
ﾒﾙｾﾃﾞｽﾍﾞﾝﾂ,,,,seat,"left, right, front","9466_14046_75ta.jpg, 9466_14047_0VgO.jpg, 9466_14048_QDUs.jpg, 9466_14049_17jD.jpg, 9466_14050_DH7B.jpg"
その他,トヨタ　プラド,KD-KZJ95W,,air suspension compressor,,5965_8543_IWiR.jpg
ﾒﾙｾﾃﾞｽﾍﾞﾝﾂ,E320AV,,2004,air suspension compressor,,4230_5860_tDZE.jpg
ﾒﾙｾﾃﾞｽﾍﾞﾝﾂ,,GF-220065,,air suspension compressor,,2726_3762_P7IP.jpg
ﾒﾙｾﾃﾞｽﾍﾞﾝﾂ,,,,air suspension compressor,,"6783_9822_jqNq.jpg, 6783_9823_00XP.jpg"
ﾒﾙｾﾃﾞｽﾍﾞﾝﾂ,,,,air suspension compressor,,"13319_22159_fkPP.jpg, 13319_22160_tXRN.jpg"
ﾒﾙｾﾃﾞｽﾍﾞﾝﾂ,,GF-202020,1999,air suspension compressor,,"8746_12766_N1YJ.jpg, 8746_12767_JtB1.jpg, 8746_12768_pwDY.jpg"
ﾒﾙｾﾃﾞｽﾍﾞﾝﾂ,C200,,2008,a/c operating unit,,"3464_4836_7wWI.jpg, 3464_4837_z4ii.jpg, 3464_4838_R2N7.jpg"
その他,スマート４Ｘ４,GH-454032,2006,a/c operating unit,,10852_17210_pf5I.jpg
ﾒﾙｾﾃﾞｽﾍﾞﾝﾂ,A160,GF-168033,2000,a/c operating unit,,"6557_9506_NQut.jpg, 6557_9507_fnGd.jpg"
ﾒﾙｾﾃﾞｽﾍﾞﾝﾂ,,,,a/c operating unit,,"12475_20286_xKUe.jpg, 12475_20287_277e.jpg"
ﾒﾙｾﾃﾞｽﾍﾞﾝﾂ,S500,,2001,a/c operating unit,,12407_20145_LthA.jpg
ﾒﾙｾﾃﾞｽﾍﾞﾝﾂ,A200ELEGANCE,DBA-169033,2005,a/c operating unit,,"11952_19281_eLIw.jpg, 11952_19282_wyUo.jpg"
ﾒﾙｾﾃﾞｽﾍﾞﾝﾂ,,,,hydraulic unit,,"11509_18464_nhPt.jpg, 11509_18465_uIP4.jpg"
ﾒﾙｾﾃﾞｽﾍﾞﾝﾂ,S350,DBA-221056,2008,hydraulic unit,,"13454_22477_honV.jpg, 13454_22478_utc9.jpg"
ﾒﾙｾﾃﾞｽﾍﾞﾝﾂ,C36,-202B36S-,1997,hydraulic unit,,"6371_9215_z2h4.jpg, 6371_9216_94Qk.jpg"
ﾒﾙｾﾃﾞｽﾍﾞﾝﾂ,,,,hydraulic unit,,"12446_20225_NacZ.jpg, 12446_20226_ikUG.jpg, 12446_20227_ku18.jpg"
ﾒﾙｾﾃﾞｽﾍﾞﾝﾂ,,,1996/Y,hydraulic unit,,"11363_18171_HuDO.jpg, 11363_18172_wnh8.jpg"
ﾒﾙｾﾃﾞｽﾍﾞﾝﾂ,,,2000,hydraulic unit,,"6761_9791_1PM1.jpg, 6761_9792_C0ks.jpg, 6761_9793_YV9Q.jpg"
ﾒﾙｾﾃﾞｽﾍﾞﾝﾂ,A160LT,,2004,cross member,front,1429_1694_Mdm5.jpg
ﾒﾙｾﾃﾞｽﾍﾞﾝﾂ,E500,211070,2004,cross member,front,"10903_17312_ruJB.jpg, 10903_17313_5nTF.jpg"
ﾒﾙｾﾃﾞｽﾍﾞﾝﾂ,A160,168133,2002,cross member,,4629_6408_fxOn.jpg
ﾒﾙｾﾃﾞｽﾍﾞﾝﾂ,B170,,2007,cross member,,6808_9849_Zf36.jpg
ﾒﾙｾﾃﾞｽﾍﾞﾝﾂ,C200,2040412,2009,cross member,,7957_11419_4lgj.jpg
ﾒﾙｾﾃﾞｽﾍﾞﾝﾂ,W169 A180,,2012/Y,cross member,front,4940_6886_05Ai.jpg
ﾒﾙｾﾃﾞｽﾍﾞﾝﾂ,E240,,,tbd,,"8152_11738_Vfzd.jpg, 8152_11739_ChAO.jpg"
ﾒﾙｾﾃﾞｽﾍﾞﾝﾂ,,,,tbd,,"9005_13239_zze6.jpg, 9005_13240_cucs.jpg"
ﾒﾙｾﾃﾞｽﾍﾞﾝﾂ,S600,GF-220178,2001,tbd,,"10305_15896_xECz.jpg, 10305_15897_XFDt.jpg"
ﾒﾙｾﾃﾞｽﾍﾞﾝﾂ,,,,tbd,,9040_13294_6FQ1.jpg
ﾒﾙｾﾃﾞｽﾍﾞﾝﾂ,E350,,2005,tbd,,"10133_15507_rITu.jpg, 10133_15508_BXQ5.jpg, 10133_15509_5tPv.jpg"
ﾒﾙｾﾃﾞｽﾍﾞﾝﾂ,,,,tbd,,"11349_18142_R0pM.jpg, 11349_18143_tr5C.jpg"
ﾒﾙｾﾃﾞｽﾍﾞﾝﾂ,,,,wiper motor,,"12137_19639_NP9I.jpg, 12137_19640_FScB.jpg"
ﾒﾙｾﾃﾞｽﾍﾞﾝﾂ,SLK230,,,wiper motor,,"9962_15094_HHTx.jpg, 9962_15095_Nkcq.jpg"
ﾒﾙｾﾃﾞｽﾍﾞﾝﾂ,,,,wiper motor,,"7515_10754_Z4WH.jpg, 7515_10755_cpZn.jpg"
ｱｳﾃﾞｨ,,GH-8PAXW,2004,wiper motor,,"5359_7592_Am1k.jpg, 5359_7593_cYsx.jpg"
ﾒﾙｾﾃﾞｽﾍﾞﾝﾂ,,,,wiper motor,,"11376_18197_a9cf.jpg, 11376_18198_NxFO.jpg"
ﾒﾙｾﾃﾞｽﾍﾞﾝﾂ,,,,wiper motor,,9039_13293_NIDp.jpg
ﾒﾙｾﾃﾞｽﾍﾞﾝﾂ,E350,,,blower,,"1622_2001_SXvw.jpg, 1622_2002_hN10.jpg, 1622_2003_Bpnh.jpg"
ﾒﾙｾﾃﾞｽﾍﾞﾝﾂ,,,,blower,,"558_577_TwSD.jpg, 558_578_fQLD.jpg"
ﾒﾙｾﾃﾞｽﾍﾞﾝﾂ,,,,blower,,"8616_12532_TiLm.jpg, 8616_12533_UMCk.jpg"
ﾒﾙｾﾃﾞｽﾍﾞﾝﾂ,,,,blower,,3400_4754_VfnE.jpg
ﾒﾙｾﾃﾞｽﾍﾞﾝﾂ,,,2000,blower,,7006_10096_dbwM.jpg
ﾒﾙｾﾃﾞｽﾍﾞﾝﾂ,B200,,,blower,,"9868_14887_hsEn.jpg, 9868_14888_vKLz.jpg"
ﾒﾙｾﾃﾞｽﾍﾞﾝﾂ,S500,,2007,shock,front,"6698_9695_5qLL.jpg, 6698_9696_d6bH.jpg"
ﾒﾙｾﾃﾞｽﾍﾞﾝﾂ,,,,shock,"left, front","4416_6098_J93q.jpg, 4416_6099_pfr8.jpg, 4416_6100_b7Vi.jpg"
ﾒﾙｾﾃﾞｽﾍﾞﾝﾂ,,DBA-219356C,,shock,"right, front","6288_9082_TYOx.jpg, 6288_9083_RQ73.jpg"
ﾒﾙｾﾃﾞｽﾍﾞﾝﾂ,S500,,,shock,"right, front",8028_11529_OJbF.jpg
ﾒﾙｾﾃﾞｽﾍﾞﾝﾂ,E500AV,GH-211070,2003,shock,"right, front","9166_13500_MxRp.jpg, 9166_13501_LzCQ.jpg, 9166_13502_Lzb7.jpg"
ﾒﾙｾﾃﾞｽﾍﾞﾝﾂ,,,1999,shock,front,6364_9205_QzN6.jpg
ﾒﾙｾﾃﾞｽﾍﾞﾝﾂ,190D 2.5,,1992,wiper arm,,3253_4526_oxNC.jpg
ﾒﾙｾﾃﾞｽﾍﾞﾝﾂ,,,,wiper arm,,11810_19002_bbtM.jpg
ﾒﾙｾﾃﾞｽﾍﾞﾝﾂ,190E 2.6,,1993/803,wiper arm,rhd,590_622_yuTv.jpg
ﾒﾙｾﾃﾞｽﾍﾞﾝﾂ,,,,wiper arm,,11536_18509_S2zc.jpg
ﾒﾙｾﾃﾞｽﾍﾞﾝﾂ,230E,,1992,wiper arm,,"4595_6365_Ln7u.jpg, 4595_6366_xOhc.jpg, 4595_6367_pe0h.jpg"
ﾒﾙｾﾃﾞｽﾍﾞﾝﾂ,500SL,,1991,wiper arm,,"8339_12068_Zt7v.jpg, 8339_12069_CAlm.jpg"
ﾒﾙｾﾃﾞｽﾍﾞﾝﾂ,C240,E-202026,1998,trunk,,7740_11055_yWhI.jpg
ﾒﾙｾﾃﾞｽﾍﾞﾝﾂ,S500L,220175,2002,trunk,,10878_17265_JwoK.jpg
ﾒﾙｾﾃﾞｽﾍﾞﾝﾂ,C180,DBA-203046,2006,trunk,,6138_8833_3qdW.jpg
ﾒﾙｾﾃﾞｽﾍﾞﾝﾂ,C250AV,,2009,trunk,,"1966_2576_WzAz.jpg, 1966_2577_PQ4h.jpg"
ﾒﾙｾﾃﾞｽﾍﾞﾝﾂ,E350,211056,2005,trunk,,"8615_12530_WA9h.jpg, 8615_12531_z6Zk.jpg"
ﾒﾙｾﾃﾞｽﾍﾞﾝﾂ,E55AMG,,1998,trunk,,1467_1744_w6bM.jpg
ﾒﾙｾﾃﾞｽﾍﾞﾝﾂ,E320T,211265,2004,fog lights,right,"10830_17157_Ygkg.jpg, 10830_17158_kk11.jpg, 10830_17159_uyTe.jpg"
ﾒﾙｾﾃﾞｽﾍﾞﾝﾂ,E350,,,fog lights,right,8127_11703_7bPE.jpg
ｵﾍﾟﾙ,シグナム,,2004,fog lights,left,2841_3924_4T0X.jpg
ﾒﾙｾﾃﾞｽﾍﾞﾝﾂ,,,,fog lights,left,2471_3376_lXjY.jpg
BMW,,,2011,fog lights,left,"5984_8573_1s2E.jpg, 5984_8574_TgBW.jpg, 5984_8575_soli.jpg"
その他,スマート,,2003,fog lights,,"2672_3665_7xK5.jpg, 2672_3666_WTrS.jpg, 2672_3667_x5DH.jpg"
ﾒﾙｾﾃﾞｽﾍﾞﾝﾂ,,,2006,lower arm,"left, front",4829_6696_ULVp.jpg
ﾒﾙｾﾃﾞｽﾍﾞﾝﾂ,,,,lower arm,"left, front","13569_22769_1bcO.jpg, 13569_22770_V85E.jpg, 13569_22771_44E2.jpg, 13569_22772_f5gc.jpg"
ﾒﾙｾﾃﾞｽﾍﾞﾝﾂ,,,,lower arm,left,"10904_17314_2RnY.jpg, 10904_17315_UjzR.jpg"
ﾒﾙｾﾃﾞｽﾍﾞﾝﾂ,,,,lower arm,"front, rear","10365_16041_lJbe.jpg, 10365_16042_G8Sb.jpg, 10365_16043_luiZ.jpg"
ﾒﾙｾﾃﾞｽﾍﾞﾝﾂ,,GF-210065,2001,lower arm,"left, front",7238_10389_0PeO.jpg
その他,ｽﾏ-ﾄ　BRABUS,,,lower arm,"right, front","4425_6120_U2o5.jpg, 4425_6121_XQcW.jpg"
ﾒﾙｾﾃﾞｽﾍﾞﾝﾂ,A170,,,bonnet,,"9779_14696_aRrQ.jpg, 9779_14697_wTcs.jpg, 9779_14698_jiph.jpg"
ﾒﾙｾﾃﾞｽﾍﾞﾝﾂ,,,2001,bonnet,,1299_1496_mggK.jpg
ﾒﾙｾﾃﾞｽﾍﾞﾝﾂ,B170,245232,2007,bonnet,,"8596_12496_eTBL.jpg, 8596_12497_ig5Z.jpg, 8596_12498_8CNa.jpg"
ｷｬﾃﾞﾗｯｸ,セビル　ＳＴＳ,E-AK34K,1997,bonnet,,"2662_3648_NdGX.jpg, 2662_3649_ltC6.jpg"
ﾒﾙｾﾃﾞｽﾍﾞﾝﾂ,E350,212056,2011,bonnet,,"12303_19947_74sF.jpg, 12303_19948_QN0Z.jpg, 12303_19949_qJe5.jpg, 12303_19950_eTP7.jpg"
ﾒﾙｾﾃﾞｽﾍﾞﾝﾂ,,,,bonnet,,"13187_21850_RNqK.jpg, 13187_21851_f4n8.jpg, 13187_21852_aChJ.jpg"
ﾜｰｹﾞﾝ,,,,door mirror,left,"1584_1931_ivNa.jpg, 1584_1932_gWUF.jpg, 1584_1933_zVDD.jpg"
ﾜｰｹﾞﾝ,ゴルフ2.0バリアント,,,door mirror,left,"727_807_gRrk.jpg, 727_808_tcIk.jpg"
ﾒﾙｾﾃﾞｽﾍﾞﾝﾂ,,,,door mirror,right,"13650_22973_rqNv.jpg, 13650_22974_5GkY.jpg"
ｻｰﾌﾞ,3-Sep,GH-FB207,2005,door mirror,right,"4370_6043_ZNV8.jpg, 4370_6044_lYW7.jpg"
ﾒﾙｾﾃﾞｽﾍﾞﾝﾂ,,,,door mirror,right,"11456_18353_qhhE.jpg, 11456_18354_L792.jpg, 11456_18355_qf41.jpg"
ﾒﾙｾﾃﾞｽﾍﾞﾝﾂ,A170,DBA-169032,2006,door mirror,left,"8569_12456_ncG7.jpg, 8569_12457_pqA8.jpg"
ｱｳﾃﾞｨ,TT,GH-8NAUQ,2004,head light,right,"11893_19166_t8kq.jpg, 11893_19167_mqI7.jpg"
ﾒﾙｾﾃﾞｽﾍﾞﾝﾂ,,,,head light,right,"3386_4739_or3n.jpg, 3386_4740_LpoK.jpg"
ﾒﾙｾﾃﾞｽﾍﾞﾝﾂ,A160,,,head light,right,"11846_19085_msXg.jpg, 11846_19086_v3Ho.jpg"
ﾒﾙｾﾃﾞｽﾍﾞﾝﾂ,C320,203264,2002,head light,right,"13285_22082_87Zu.jpg, 13285_22083_0e2I.jpg, 13285_22084_weEy.jpg"
ﾒﾙｾﾃﾞｽﾍﾞﾝﾂ,W176 A180,,2014,head light,left,"13448_22461_XqlY.jpg, 13448_22462_5sEt.jpg, 13448_22463_5hql.jpg"
ﾒﾙｾﾃﾞｽﾍﾞﾝﾂ,SLK350,CBA-171456,2005,head light,right,"11869_19124_Fz75.jpg, 11869_19125_yStI.jpg"
ﾒﾙｾﾃﾞｽﾍﾞﾝﾂ,ｃ230,,,wheel,,"5897_8424_LbeH.jpg, 5897_8425_QkL0.jpg, 5897_8426_4HBc.jpg, 5897_8427_peFY.jpg"
ﾒﾙｾﾃﾞｽﾍﾞﾝﾂ,C180クーペ,,2004,wheel,,1817_2341_njDr.jpg
ﾒﾙｾﾃﾞｽﾍﾞﾝﾂ,A170,,2005,wheel,,8414_12197_Vko7.jpg
ｻｰﾌﾞ,9-3 リニア,,2008,wheel,,"7615_10892_KNpe.jpg, 7615_10893_lf3i.jpg, 7615_10894_pSL8.jpg, 7615_10895_O9uB.jpg, 7615_10896_0tTy.jpg, 7615_10897_mfL8.jpg, 7615_10898_EjnN.jpg, 7615_10899_XFTI.jpg"
ﾒﾙｾﾃﾞｽﾍﾞﾝﾂ,C200,,2008,wheel,,5901_8438_4KVx.jpg
ﾒﾙｾﾃﾞｽﾍﾞﾝﾂ,S350,DBA-221056,2007,wheel,,"9823_14793_6xUs.jpg, 9823_14794_3oQs.jpg, 9823_14795_zPw0.jpg, 9823_14796_Chtu.jpg, 9823_14797_mfUW.jpg, 9823_14798_9Nsq.jpg, 9823_14799_SVUw.jpg, 9823_14800_VKL1.jpg"
BMW,,,,gate,,"9187_13535_sItp.jpg, 9187_13536_1AGd.jpg"
ﾒﾙｾﾃﾞｽﾍﾞﾝﾂ,B180,DBA-246242,2012,gate,,"10699_16857_AXV8.jpg, 10699_16858_OPK9.jpg"
ｵﾍﾟﾙ,CDハッチバック,GF-XK181,2001,gate,,"6617_9582_oVRC.jpg, 6617_9583_5frr.jpg"
ﾒﾙｾﾃﾞｽﾍﾞﾝﾂ,,,,gate,rear,"257_195_FTA3.jpg, 257_196_rdr0.jpg"
ﾒﾙｾﾃﾞｽﾍﾞﾝﾂ,,,,gate,rear,"9515_14129_yKjn.jpg, 9515_14130_ibsW.jpg"
ﾒﾙｾﾃﾞｽﾍﾞﾝﾂ,300TE,,1991,gate,rear,"2301_3082_lVXG.jpg, 2301_3083_ZHsn.jpg, 2301_3084_EuD3.jpg"
ﾒﾙｾﾃﾞｽﾍﾞﾝﾂ,W203 C180,,2006/Y,steering angle sensor,,7703_11013_Lnh9.jpg
ﾒﾙｾﾃﾞｽﾍﾞﾝﾂ,A170,DBA-169032,2008,steering angle sensor,,"12934_21263_baDz.jpg, 12934_21264_q0hy.jpg"
ﾒﾙｾﾃﾞｽﾍﾞﾝﾂ,W220 S600L,,2001/Y,steering angle sensor,,"6045_8668_GAu8.jpg, 6045_8669_ggBS.jpg"
ﾒﾙｾﾃﾞｽﾍﾞﾝﾂ,W210  E240,,2000/Y,steering angle sensor,,"1994_2626_NTt9.jpg, 1994_2627_lx8U.jpg"
ﾒﾙｾﾃﾞｽﾍﾞﾝﾂ,,,,steering angle sensor,,4183_5794_lERt.jpg
ﾒﾙｾﾃﾞｽﾍﾞﾝﾂ,,,,steering angle sensor,,"3193_4450_oWf8.jpg, 3193_4451_9gNv.jpg, 3193_4452_9KAS.jpg"
ﾒﾙｾﾃﾞｽﾍﾞﾝﾂ,280E,,94,radiator grill,front,2212_2958_PtqB.jpg
ﾒﾙｾﾃﾞｽﾍﾞﾝﾂ,C200,202020,2000,radiator grill,,"10881_17278_04JR.jpg, 10881_17279_VOqb.jpg"
ﾒﾙｾﾃﾞｽﾍﾞﾝﾂ,CLK200,209341,2007,radiator grill,,10545_16472_p5mC.jpg
ﾒﾙｾﾃﾞｽﾍﾞﾝﾂ,VIANO T,639811,2005,radiator grill,,5282_7472_Nrrk.jpg
ﾒﾙｾﾃﾞｽﾍﾞﾝﾂ,C200,203245,2001,radiator grill,front,"6142_8836_uXsh.jpg, 6142_8837_d48j.jpg"
ﾒﾙｾﾃﾞｽﾍﾞﾝﾂ,190E,201024,1992,radiator grill,,"9020_13260_Awof.jpg, 9020_13261_eYYD.jpg"
ﾒﾙｾﾃﾞｽﾍﾞﾝﾂ,C350,,2013,door trim,"right, front","13245_21980_43J9.jpg, 13245_21981_h7FG.jpg, 13245_21982_Gwd0.jpg"
ﾒﾙｾﾃﾞｽﾍﾞﾝﾂ,,,,door trim,"left, rear","8012_11510_pVwl.jpg, 8012_11511_m6rB.jpg"
ﾒﾙｾﾃﾞｽﾍﾞﾝﾂ,,,2013,door trim,"right, front","11468_18377_S7h3.jpg, 11468_18378_A7hB.jpg"
ﾒﾙｾﾃﾞｽﾍﾞﾝﾂ,,,,door trim,left,"12585_20497_Hcjj.jpg, 12585_20498_ndRH.jpg, 12585_20499_4ELK.jpg"
ﾒﾙｾﾃﾞｽﾍﾞﾝﾂ,,,,door trim,"right, front","10547_16476_lWv1.jpg, 10547_16477_Wr0R.jpg"
ﾒﾙｾﾃﾞｽﾍﾞﾝﾂ,C250,DBA-204047,2010,door trim,"right, front","11639_18705_7fZ4.jpg, 11639_18706_C54h.jpg"
ﾒﾙｾﾃﾞｽﾍﾞﾝﾂ,,,,seat switch,right,"4033_5622_lHiJ.jpg, 4033_5623_bqjD.jpg"
ﾒﾙｾﾃﾞｽﾍﾞﾝﾂ,,,,seat switch,right,"12963_21331_psaI.jpg, 12963_21332_8Kyf.jpg"
ﾒﾙｾﾃﾞｽﾍﾞﾝﾂ,2200652002,GF-220065,2001,seat switch,right,"9344_13837_voaa.jpg, 9344_13838_frIJ.jpg"
ﾒﾙｾﾃﾞｽﾍﾞﾝﾂ,S320,,1995,seat switch,"right, front","12519_20375_3xLQ.jpg, 12519_20376_xHwD.jpg"
ﾒﾙｾﾃﾞｽﾍﾞﾝﾂ,CLS500,,2005,seat switch,right,"1563_1892_5rwb.jpg, 1563_1893_wbdD.jpg"
ﾒﾙｾﾃﾞｽﾍﾞﾝﾂ,,,,seat switch,"left, front","8529_12389_ofnd.jpg, 8529_12390_BuLl.jpg"
ﾒﾙｾﾃﾞｽﾍﾞﾝﾂ,,,,blower motor,,"9160_13488_Bbr7.jpg, 9160_13489_wgH0.jpg, 9160_13490_k4u4.jpg"
ﾒﾙｾﾃﾞｽﾍﾞﾝﾂ,,,,blower motor,,"9341_13830_E17o.jpg, 9341_13831_wpXE.jpg, 9341_13832_EGx5.jpg, 9341_13833_rsBf.jpg, 9341_13834_a3QZ.jpg"
ｻｰﾌﾞ,5-Sep,,1998,blower motor,,3532_4941_AEzP.jpg
ﾒﾙｾﾃﾞｽﾍﾞﾝﾂ,,,,blower motor,,"8928_13101_7UOJ.jpg, 8928_13102_C3Kn.jpg"
ﾒﾙｾﾃﾞｽﾍﾞﾝﾂ,,,,blower motor,,"11357_18157_vjlO.jpg, 11357_18158_DzwM.jpg"
ﾒﾙｾﾃﾞｽﾍﾞﾝﾂ,C240T,,2001,blower motor,,"1714_2147_2kDr.jpg, 1714_2148_zt8k.jpg"
ﾒﾙｾﾃﾞｽﾍﾞﾝﾂ,,,2005,door lock,"right, front",9326_13803_GZzc.jpg
ﾒﾙｾﾃﾞｽﾍﾞﾝﾂ,A160,GH-168033,2003,door lock,"left, rear",5148_7250_xO9E.jpg
ﾒﾙｾﾃﾞｽﾍﾞﾝﾂ,S320,,1994,door lock,"left, rear","12833_21025_mPDl.jpg, 12833_21026_NyHP.jpg, 12833_21027_smUC.jpg"
ﾒﾙｾﾃﾞｽﾍﾞﾝﾂ,,,,door lock,"left, front","5975_8559_jakC.jpg, 5975_8560_334b.jpg"
ﾒﾙｾﾃﾞｽﾍﾞﾝﾂ,,,2002,door lock,"left, front",8590_12488_dvSw.jpg
ﾒﾙｾﾃﾞｽﾍﾞﾝﾂ,,,,door lock,"right, front",13722_23150_IdC3.jpg
ﾒﾙｾﾃﾞｽﾍﾞﾝﾂ,,,,air suspension strut,,"13167_21796_rX0r.jpg, 13167_21797_nM6S.jpg"
ｵﾍﾟﾙ,アストラG・ワゴン,GF-XK180,99,air suspension strut,"right, front",8566_12452_bkCa.jpg
ﾒﾙｾﾃﾞｽﾍﾞﾝﾂ,C180コンプレッサー,DBA-203246,2006,air suspension strut,right,"10099_15429_KF47.jpg, 10099_15430_W9z8.jpg"
ﾒﾙｾﾃﾞｽﾍﾞﾝﾂ,,GH-220175,,air suspension strut,"left, front",7372_10547_0UoE.jpg
ﾒﾙｾﾃﾞｽﾍﾞﾝﾂ,S500,GH-220175,2003,air suspension strut,left,"7188_10320_oABM.jpg, 7188_10321_cCW9.jpg"
ﾒﾙｾﾃﾞｽﾍﾞﾝﾂ,,,,air suspension strut,rear,"3378_4725_yhgH.jpg, 3378_4726_n20E.jpg"
ﾒﾙｾﾃﾞｽﾍﾞﾝﾂ,,,,sub frame,rear,"10116_15467_Rymz.jpg, 10116_15468_OtQk.jpg, 10116_15469_Z0wK.jpg"
ﾒﾙｾﾃﾞｽﾍﾞﾝﾂ,,,,sub frame,front,585_611_e3nt.jpg
ﾒﾙｾﾃﾞｽﾍﾞﾝﾂ,C240 4M,GH-203281,2003,sub frame,,"5694_8109_aTQH.jpg, 5694_8110_Zbnp.jpg, 5694_8111_h0Dd.jpg"
ﾒﾙｾﾃﾞｽﾍﾞﾝﾂ,,DBA-204041,2009,sub frame,rear,"11967_19306_u1ok.jpg, 11967_19307_ARSR.jpg"
ﾒﾙｾﾃﾞｽﾍﾞﾝﾂ,C200,204041,2008,sub frame,front,"6527_9453_0Izp.jpg, 6527_9454_XR0g.jpg, 6527_9455_GiKu.jpg, 6527_9456_4fwg.jpg"
ﾒﾙｾﾃﾞｽﾍﾞﾝﾂ,A180,,2014,sub frame,,"8178_11775_OFYX.jpg, 8178_11776_f1Hv.jpg"
ﾒﾙｾﾃﾞｽﾍﾞﾝﾂ,,,,muffler,front,"10945_17391_w6Wo.jpg, 10945_17392_jO2o.jpg"
ﾒﾙｾﾃﾞｽﾍﾞﾝﾂ,,GH-211282,2005,muffler,"right, rear",5027_7024_n1aW.jpg
ﾒﾙｾﾃﾞｽﾍﾞﾝﾂ,,,,muffler,"left, rear","12902_21194_X8Eb.jpg, 12902_21195_U1S6.jpg, 12902_21196_iueP.jpg"
ﾒﾙｾﾃﾞｽﾍﾞﾝﾂ,E350,211056,2005,muffler,"left, rear",8654_12594_2FCF.jpg
ｵﾍﾟﾙ,アストラ,E-XD180W,,muffler,rear,"10397_16126_qwo6.jpg, 10397_16127_QqCr.jpg, 10397_16128_m7sJ.jpg"
ﾒﾙｾﾃﾞｽﾍﾞﾝﾂ,,,,muffler,,"10324_15944_EyGY.jpg, 10324_15945_Nfjs.jpg, 10324_15946_6Xu8.jpg"
ﾒﾙｾﾃﾞｽﾍﾞﾝﾂ,C180,ＧＨ－203046,2004,throttle valve,,"8916_13076_gCLj.jpg, 8916_13077_WFxy.jpg, 8916_13078_HAUS.jpg"
ﾒﾙｾﾃﾞｽﾍﾞﾝﾂ,,,,throttle valve,,"9983_15142_8kiO.jpg, 9983_15143_0Hrl.jpg, 9983_15144_3qXB.jpg"
ﾒﾙｾﾃﾞｽﾍﾞﾝﾂ,B170,CBA-245232,2007,throttle valve,,"13643_22956_2qqA.jpg, 13643_22957_MlmK.jpg, 13643_22958_qcd5.jpg"
ｱｳﾃﾞｨ,A4,GH-8EBGBF,2005,throttle valve,,"2687_3694_jDSd.jpg, 2687_3695_RS2D.jpg"
ﾒﾙｾﾃﾞｽﾍﾞﾝﾂ,,GF-163154,1999,throttle valve,,"8144_11725_nCvU.jpg, 8144_11726_57uG.jpg, 8144_11727_pZgm.jpg"
ﾒﾙｾﾃﾞｽﾍﾞﾝﾂ,,,,throttle valve,,"11535_18507_1oNS.jpg, 11535_18508_KDV6.jpg"
ﾒﾙｾﾃﾞｽﾍﾞﾝﾂ,E320,,,xenon control unit,,"8695_12683_E6Fe.jpg, 8695_12684_LhN5.jpg"
ﾒﾙｾﾃﾞｽﾍﾞﾝﾂ,C230,GH-203040,2005,xenon control unit,,"3497_4898_pcJc.jpg, 3497_4899_3Edt.jpg"
ﾒﾙｾﾃﾞｽﾍﾞﾝﾂ,,,,xenon control unit,,"12193_19741_YFH4.jpg, 12193_19742_gG69.jpg"
ﾒﾙｾﾃﾞｽﾍﾞﾝﾂ,,,,xenon control unit,,"6219_8963_4dg4.jpg, 6219_8964_M2Hk.jpg"
ﾒﾙｾﾃﾞｽﾍﾞﾝﾂ,,,,xenon control unit,,"6198_8937_lFvO.jpg, 6198_8938_HvvK.jpg"
ｻｰﾌﾞ,,,2006,xenon control unit,,"6301_9108_dWCk.jpg, 6301_9109_vX0y.jpg"
ﾒﾙｾﾃﾞｽﾍﾞﾝﾂ,,,2003,p/w motor,"right, front",8540_12404_8Lwv.jpg
ﾒﾙｾﾃﾞｽﾍﾞﾝﾂ,500SL,,1990,p/w motor,,"12397_20127_dPrc.jpg, 12397_20128_IzWh.jpg"
ﾒﾙｾﾃﾞｽﾍﾞﾝﾂ,,,2001,p/w motor,"right, rear",2363_3188_OUZm.jpg
ﾒﾙｾﾃﾞｽﾍﾞﾝﾂ,,,,p/w motor,"left, rear","2516_3449_jeZC.jpg, 2516_3450_Bjht.jpg"
ﾒﾙｾﾃﾞｽﾍﾞﾝﾂ,,,,p/w motor,"right, front",9748_14641_YEiP.jpg
ﾒﾙｾﾃﾞｽﾍﾞﾝﾂ,,,,p/w motor,"left, front",3898_5424_4OKX.jpg
ﾒﾙｾﾃﾞｽﾍﾞﾝﾂ,,,,roller blind,rear,"2738_3779_EmhJ.jpg, 2738_3780_ITlo.jpg"
ﾒﾙｾﾃﾞｽﾍﾞﾝﾂ,,,,roller blind,rear,"7351_10530_xxQa.jpg, 7351_10531_tSdx.jpg"
ﾒﾙｾﾃﾞｽﾍﾞﾝﾂ,E320CDI,,2009,roller blind,,548_565_rMhP.jpg
ﾒﾙｾﾃﾞｽﾍﾞﾝﾂ,E280,,2009,roller blind,rear,"3251_4523_LNUU.jpg, 3251_4524_SHcV.jpg"
ﾒﾙｾﾃﾞｽﾍﾞﾝﾂ,,,,roller blind,,"13246_21983_rgsK.jpg, 13246_21984_tBMW.jpg"
ﾒﾙｾﾃﾞｽﾍﾞﾝﾂ,E300,DBA-211054C,2007,roller blind,rear,"3723_5176_m3Rg.jpg, 3723_5177_KMss.jpg"
ﾒﾙｾﾃﾞｽﾍﾞﾝﾂ,,,,steering wheel,,"10710_16882_21BV.jpg, 10710_16883_BxQz.jpg"
ﾒﾙｾﾃﾞｽﾍﾞﾝﾂ,B170,,2005/12,steering wheel,,"3943_5512_USos.jpg, 3943_5513_rTiB.jpg, 3943_5514_JKti.jpg"
ﾒﾙｾﾃﾞｽﾍﾞﾝﾂ,,,,steering wheel,,"2770_3824_qPV0.jpg, 2770_3825_WFXa.jpg, 2770_3826_mJ2x.jpg"
ﾒﾙｾﾃﾞｽﾍﾞﾝﾂ,CLK,,,steering wheel,,4196_5815_TSmM.jpg
その他,FOR4,GH-454031,2005,steering wheel,,7149_10260_dnaI.jpg
ﾒﾙｾﾃﾞｽﾍﾞﾝﾂ,,,,steering wheel,,"8565_12449_d5mx.jpg, 8565_12450_C01s.jpg, 8565_12451_9QTU.jpg"
ﾒﾙｾﾃﾞｽﾍﾞﾝﾂ,,,,radiator fan,,993_1132_aEbf.jpg
ｵﾍﾟﾙ,ZAFIRA,,2006,radiator fan,,"8467_12294_FTlw.jpg, 8467_12295_kaql.jpg, 8467_12296_Dl15.jpg"
ｱｳﾃﾞｨ,,ABA-4FBDXS,,radiator fan,"left, right","5404_7677_DhTu.jpg, 5404_7678_Xt3x.jpg"
ﾒﾙｾﾃﾞｽﾍﾞﾝﾂ,,,,radiator fan,,"13473_22526_wm4a.jpg, 13473_22527_1HZL.jpg"
ﾒﾙｾﾃﾞｽﾍﾞﾝﾂ,,,,radiator fan,,"11290_18048_NHFy.jpg, 11290_18049_p3o6.jpg"
その他,スマート クーペ,GF-MC01L,2001,radiator fan,,"7171_10294_vlxE.jpg, 7171_10295_Xdow.jpg"
ﾒﾙｾﾃﾞｽﾍﾞﾝﾂ,,,,engine,,"11562_18560_aJNs.jpg, 11562_18561_0QzU.jpg"
ﾒﾙｾﾃﾞｽﾍﾞﾝﾂ,,,,engine,,"11504_18451_OV4X.jpg, 11504_18452_OLHe.jpg, 11504_18453_K2kZ.jpg"
ﾒﾙｾﾃﾞｽﾍﾞﾝﾂ,E240T,GF-21026,1999,engine,,"1744_2189_8VC1.jpg, 1744_2190_PnRn.jpg"
ﾒﾙｾﾃﾞｽﾍﾞﾝﾂ,,,2001,engine,,"841_940_AcAg.jpg, 841_941_NDL0.jpg, 841_942_044V.jpg"
ﾒﾙｾﾃﾞｽﾍﾞﾝﾂ,,DBA-204248,2011/.6,engine,,"10970_17438_zGxe.jpg, 10970_17439_0tQM.jpg"
ﾒﾙｾﾃﾞｽﾍﾞﾝﾂ,,,,engine,,"13719_23144_NDd9.jpg, 13719_23145_8Hl0.jpg, 13719_23146_wJCn.jpg"
ﾒﾙｾﾃﾞｽﾍﾞﾝﾂ,VANEO,414700,2005,fuel pump,,"6723_9736_T9CI.jpg, 6723_9737_AXCv.jpg"
ﾒﾙｾﾃﾞｽﾍﾞﾝﾂ,,,,fuel pump,,2889_3999_1Ng0.jpg
ﾒﾙｾﾃﾞｽﾍﾞﾝﾂ,C180,,2001,fuel pump,,"1653_2057_oWXF.jpg, 1653_2058_pMco.jpg"
ﾒﾙｾﾃﾞｽﾍﾞﾝﾂ,A160,,,fuel pump,,"8190_11793_O2ky.jpg, 8190_11794_gVlK.jpg"
ﾒﾙｾﾃﾞｽﾍﾞﾝﾂ,,,,fuel pump,,"8083_11616_4uqM.jpg, 8083_11617_uKbM.jpg"
ﾒﾙｾﾃﾞｽﾍﾞﾝﾂ,1690322010,DBA-169032,2012,fuel pump,,8404_12182_9skb.jpg
ﾒﾙｾﾃﾞｽﾍﾞﾝﾂ,,,2002,p/s pump,,"10419_16190_5u07.jpg, 10419_16191_zWHM.jpg"
ｵﾍﾟﾙ,,,,p/s pump,,2125_2830_ETi2.jpg
ｻｰﾌﾞ,9-3 SE2.0,,2001,p/s pump,,6836_9891_os60.jpg
ﾒﾙｾﾃﾞｽﾍﾞﾝﾂ,,,,p/s pump,,"10208_15677_D8c7.jpg, 10208_15678_zp6o.jpg, 10208_15679_iPf9.jpg"
ﾒﾙｾﾃﾞｽﾍﾞﾝﾂ,E280 4MAT,,2000,p/s pump,,12383_20097_UApb.jpg
ﾒﾙｾﾃﾞｽﾍﾞﾝﾂ,,,,p/s pump,,"3541_4954_eKhL.jpg, 3541_4955_5ny9.jpg"
ﾒﾙｾﾃﾞｽﾍﾞﾝﾂ,CLS500,,,steering nuckle,"left, rear","600_629_nAD2.jpg, 600_630_ZqCk.jpg"
ﾒﾙｾﾃﾞｽﾍﾞﾝﾂ,,,2006,steering nuckle,"right, rear","1026_1169_u8rG.jpg, 1026_1170_bfLH.jpg"
ｵﾍﾟﾙ,,,,steering nuckle,"left, front","4243_5873_pFru.jpg, 4243_5874_Ny1j.jpg, 4243_5875_Yhb7.jpg"
ﾒﾙｾﾃﾞｽﾍﾞﾝﾂ,,,,steering nuckle,,2462_3365_Krgj.jpg
ﾒﾙｾﾃﾞｽﾍﾞﾝﾂ,C200,,1998,steering nuckle,left,"6845_9900_bERX.jpg, 6845_9901_nwIi.jpg, 6845_9902_I7LM.jpg"
ﾒﾙｾﾃﾞｽﾍﾞﾝﾂ,C240,,2004,steering nuckle,"left, front",157_99_jUvg.jpg
ﾒﾙｾﾃﾞｽﾍﾞﾝﾂ,,,,interior lamp,,"9856_14862_nj43.jpg, 9856_14863_k8wQ.jpg"
ﾒﾙｾﾃﾞｽﾍﾞﾝﾂ,,,,interior lamp,,"8588_12486_KFur.jpg, 8588_12487_PKol.jpg"
ﾒﾙｾﾃﾞｽﾍﾞﾝﾂ,,,,interior lamp,,2235_2981_vzgO.jpg
ﾒﾙｾﾃﾞｽﾍﾞﾝﾂ,202,,1998,interior lamp,front,"4207_5838_RYgR.jpg, 4207_5839_PZ42.jpg"
ｵﾍﾟﾙ,ワゴン　ＣＤ,GF-XK180,2000,interior lamp,rear,"5670_8074_GMRt.jpg, 5670_8075_r6Cl.jpg"
ﾒﾙｾﾃﾞｽﾍﾞﾝﾂ,,,,interior lamp,,"8767_12810_eUfZ.jpg, 8767_12811_xJlF.jpg"
ﾒﾙｾﾃﾞｽﾍﾞﾝﾂ,,,,step cover,left,"8533_12395_Xbob.jpg, 8533_12396_lG8N.jpg"
ﾒﾙｾﾃﾞｽﾍﾞﾝﾂ,A170,,2009,step cover,,"964_1091_Eqpc.jpg, 964_1092_2Nwo.jpg, 964_1093_Gvrn.jpg"
ﾒﾙｾﾃﾞｽﾍﾞﾝﾂ,B180,,2011,step cover,left,"12432_20193_sPkC.jpg, 12432_20194_tkIT.jpg, 12432_20195_CneY.jpg"
ﾒﾙｾﾃﾞｽﾍﾞﾝﾂ,,,,step cover,left,"12451_20233_LPfd.jpg, 12451_20234_MQUj.jpg, 12451_20235_Cb0w.jpg"
ﾒﾙｾﾃﾞｽﾍﾞﾝﾂ,Ｂ180,,,step cover,left,10942_17386_3GDv.jpg
ｵﾍﾟﾙ,VITA GLS,GF-XN140,2002,step cover,right,"5678_8083_QaeO.jpg, 5678_8084_XHKc.jpg"
ﾒﾙｾﾃﾞｽﾍﾞﾝﾂ,,,,cd changer,,"9901_14952_8pum.jpg, 9901_14953_cTQ9.jpg, 9901_14954_xR7W.jpg"
ﾒﾙｾﾃﾞｽﾍﾞﾝﾂ,E320,GH-211265C,2004,cd changer,,"8463_12285_exYX.jpg, 8463_12286_IR95.jpg"
ﾒﾙｾﾃﾞｽﾍﾞﾝﾂ,,,,cd changer,,8241_11892_eFSV.jpg
ﾒﾙｾﾃﾞｽﾍﾞﾝﾂ,,,,cd changer,,7543_10792_Jj3s.jpg
ﾒﾙｾﾃﾞｽﾍﾞﾝﾂ,SL320,E-129063,1997,cd changer,,"13571_22775_5T9h.jpg, 13571_22776_DqKg.jpg"
ﾒﾙｾﾃﾞｽﾍﾞﾝﾂ,,,,cd changer,,"13212_21910_jN4X.jpg, 13212_21911_J2DM.jpg, 13212_21912_Qds8.jpg, 13212_21913_e8XX.jpg"
ﾒﾙｾﾃﾞｽﾍﾞﾝﾂ,,,1979,p/w switch,right,"12280_19912_pgqF.jpg, 12280_19913_0aRO.jpg"
ﾒﾙｾﾃﾞｽﾍﾞﾝﾂ,B200,CBA-245233,2010,p/w switch,,"11455_18351_fjxL.jpg, 11455_18352_tZ9H.jpg"
ﾒﾙｾﾃﾞｽﾍﾞﾝﾂ,,,,p/w switch,,"11913_19211_Or1Y.jpg, 11913_19212_D5oS.jpg"
ﾒﾙｾﾃﾞｽﾍﾞﾝﾂ,A170,,,p/w switch,right,1939_2539_fF71.jpg
ﾒﾙｾﾃﾞｽﾍﾞﾝﾂ,A170,,,p/w switch,right,4334_5997_mQak.jpg
ｵﾍﾟﾙ,ASTRA ワゴン,GH-AH04Z18W,2005,p/w switch,right,"8013_11512_fcDc.jpg, 8013_11513_VltS.jpg"
ﾒﾙｾﾃﾞｽﾍﾞﾝﾂ,,,,tail light,left,"9852_14854_tOZ7.jpg, 9852_14855_8QLr.jpg"
ﾒﾙｾﾃﾞｽﾍﾞﾝﾂ,,,1991,tail light,right,"1012_1154_pNAb.jpg, 1012_1155_8gTt.jpg"
ﾒﾙｾﾃﾞｽﾍﾞﾝﾂ,,,,tail light,right,"7111_10216_Khs3.jpg, 7111_10217_RtyV.jpg"
ﾒﾙｾﾃﾞｽﾍﾞﾝﾂ,C200ワゴン,DBA-204248,2012,tail light,right,"12442_20217_v2qn.jpg, 12442_20218_ifFb.jpg"
ﾒﾙｾﾃﾞｽﾍﾞﾝﾂ,E320,,2002,tail light,left,"6998_10080_bIsP.jpg, 6998_10081_y9Nu.jpg, 6998_10082_plUS.jpg"
ﾒﾙｾﾃﾞｽﾍﾞﾝﾂ,300TE,,1991,tail light,left,"2420_3291_FBBw.jpg, 2420_3292_JKs4.jpg, 2420_3293_hsQE.jpg"
ｵﾍﾟﾙ,VITA,XG140,1996,starter motor,,6029_8646_AMXB.jpg
ｻｰﾌﾞ,5-Sep,,,starter motor,,4889_6799_JrMc.jpg
BMW,E87,,,starter motor,,"13183_21844_Oh9Y.jpg, 13183_21845_r0F7.jpg"
ﾒﾙｾﾃﾞｽﾍﾞﾝﾂ,S550,,2006,starter motor,,2939_4075_LkwK.jpg
BMW,,,,starter motor,,"11146_17771_fDxG.jpg, 11146_17772_0SNV.jpg"
ﾒﾙｾﾃﾞｽﾍﾞﾝﾂ,,,,starter motor,,"1464_1738_nhHY.jpg, 1464_1739_ZNYA.jpg"
ﾒﾙｾﾃﾞｽﾍﾞﾝﾂ,E320,210065,2001,head rest,,"3743_5211_RZOm.jpg, 3743_5212_l4f1.jpg"
ﾒﾙｾﾃﾞｽﾍﾞﾝﾂ,VANEO,,2005,head rest,rear,1148_1319_RifC.jpg
ﾒﾙｾﾃﾞｽﾍﾞﾝﾂ,C200,,2008,head rest,"left, front","12331_20000_aktb.jpg, 12331_20001_3COV.jpg"
ﾒﾙｾﾃﾞｽﾍﾞﾝﾂ,C180ワゴン,GH-271946,2002,head rest,"left, right, rear","4498_6234_IK26.jpg, 4498_6235_WPl4.jpg"
ﾒﾙｾﾃﾞｽﾍﾞﾝﾂ,C200,DBA-204041,2008,head rest,,"5466_7792_o6vT.jpg, 5466_7793_mR9F.jpg"
ﾒﾙｾﾃﾞｽﾍﾞﾝﾂ,,,,head rest,,"8321_12028_mUzw.jpg, 8321_12029_KM5w.jpg"
ﾒﾙｾﾃﾞｽﾍﾞﾝﾂ,E55,,,steering gearbox,,11568_18571_fj3Q.jpg
ﾒﾙｾﾃﾞｽﾍﾞﾝﾂ,,,,steering gearbox,,"8337_12063_VNPW.jpg, 8337_12064_pwDg.jpg"
ﾒﾙｾﾃﾞｽﾍﾞﾝﾂ,,,,steering gearbox,,"13633_22926_0Tfx.jpg, 13633_22927_125B.jpg"
ﾒﾙｾﾃﾞｽﾍﾞﾝﾂ,T245 B180,,2011/Y,steering gearbox,,"7712_11025_zzCm.jpg, 7712_11026_0SqU.jpg"
ﾒﾙｾﾃﾞｽﾍﾞﾝﾂ,,,,steering gearbox,,4047_5638_yBiv.jpg
ﾒﾙｾﾃﾞｽﾍﾞﾝﾂ,,,,steering gearbox,,"7852_11225_wTb3.jpg, 7852_11226_6U7X.jpg"
ﾒﾙｾﾃﾞｽﾍﾞﾝﾂ,E250,,2007,differential gear,,9572_14253_hAkA.jpg
ﾒﾙｾﾃﾞｽﾍﾞﾝﾂ,E55AMG,,2005,differential gear,rear,"8991_13215_NjAv.jpg, 8991_13216_wmIx.jpg, 8991_13217_Uk1A.jpg"
ﾒﾙｾﾃﾞｽﾍﾞﾝﾂ,,,,differential gear,rear,"7942_11390_Zu5T.jpg, 7942_11391_95Lc.jpg, 7942_11392_fVLm.jpg"
ﾒﾙｾﾃﾞｽﾍﾞﾝﾂ,,,,differential gear,,"5342_7562_mXZf.jpg, 5342_7563_mf9J.jpg, 5342_7564_mXzi.jpg"
ﾒﾙｾﾃﾞｽﾍﾞﾝﾂ,,,,differential gear,,"9433_14001_VcK0.jpg, 9433_14002_BKPU.jpg"
ﾒﾙｾﾃﾞｽﾍﾞﾝﾂ,,,,differential gear,rear,"9836_14816_kSv3.jpg, 9836_14817_XhVs.jpg"
ﾒﾙｾﾃﾞｽﾍﾞﾝﾂ,E320,,1998,room mirror,,1227_1410_PEGk.jpg
ﾒﾙｾﾃﾞｽﾍﾞﾝﾂ,,,,room mirror,,"12561_20451_LiUq.jpg, 12561_20452_ICBj.jpg"
ﾒﾙｾﾃﾞｽﾍﾞﾝﾂ,,,,room mirror,,"4771_6606_zZLP.jpg, 4771_6607_qDGL.jpg"
ﾒﾙｾﾃﾞｽﾍﾞﾝﾂ,C180,,2002,room mirror,,3995_5585_fYRS.jpg
ﾒﾙｾﾃﾞｽﾍﾞﾝﾂ,B180,,,room mirror,,9381_13913_T6lo.jpg
ﾒﾙｾﾃﾞｽﾍﾞﾝﾂ,500E,,1992,room mirror,,"9841_14831_bLfL.jpg, 9841_14832_Cgaq.jpg"
ｵﾍﾟﾙ,,GF-XH201,2000,air mass sensor,,"477_471_8KpC.jpg, 477_472_HBmz.jpg"
ﾒﾙｾﾃﾞｽﾍﾞﾝﾂ,C250,,2008,air mass sensor,,"8419_12204_Qvtf.jpg, 8419_12205_xVYc.jpg"
ﾒﾙｾﾃﾞｽﾍﾞﾝﾂ,,,,air mass sensor,,"6199_8939_YJhD.jpg, 6199_8940_qyG6.jpg"
ﾒﾙｾﾃﾞｽﾍﾞﾝﾂ,E320,,,air mass sensor,,"2639_3624_MeVe.jpg, 2639_3625_wa60.jpg"
BMW,E61,,,air mass sensor,,"13494_22572_TWgW.jpg, 13494_22573_EE5c.jpg"
ﾒﾙｾﾃﾞｽﾍﾞﾝﾂ,C240,,,air mass sensor,,"13307_22132_LLxt.jpg, 13307_22133_dSXh.jpg"
ﾒﾙｾﾃﾞｽﾍﾞﾝﾂ,,,94,door glass,"right, front",3126_4347_jb1D.jpg
ｵﾍﾟﾙ,ｼｸﾞﾅﾑ,,2004,door glass,"right, front",4295_5944_pgBy.jpg
ﾒﾙｾﾃﾞｽﾍﾞﾝﾂ,500SEL,,1990,door glass,"left, front",2400_3261_nLTR.jpg
BMW,545I,,2004,door glass,"left, front",7169_10292_rv7w.jpg
ﾒﾙｾﾃﾞｽﾍﾞﾝﾂ,,,,door glass,left,4101_5712_xgcS.jpg
ｻｰﾌﾞ,9-3 SPORT ESTATE ARC,,2006,door glass,"right, front",116_74_3EPu.jpg
ﾒﾙｾﾃﾞｽﾍﾞﾝﾂ,E430AVANTGARDE,GF-21007,1998,headlight switch,,"11769_18934_FJIN.jpg, 11769_18935_oxhj.jpg"
ﾒﾙｾﾃﾞｽﾍﾞﾝﾂ,,GF-210261,,headlight switch,,2201_2940_NJO6.jpg
ﾒﾙｾﾃﾞｽﾍﾞﾝﾂ,,,,headlight switch,,"5943_8501_AFpe.jpg, 5943_8502_rRcJ.jpg"
メルセデス,,,,headlight switch,,"13586_22814_Epiq.jpg, 13586_22815_ImfH.jpg"
ﾒﾙｾﾃﾞｽﾍﾞﾝﾂ,S500,,2002,headlight switch,,"8638_12566_KTSA.jpg, 8638_12567_wM8Y.jpg"
ﾒﾙｾﾃﾞｽﾍﾞﾝﾂ,,,,headlight switch,,"5717_8143_gkXP.jpg, 5717_8144_wgVf.jpg"
ﾒﾙｾﾃﾞｽﾍﾞﾝﾂ,S350,DBA-221056,2006,fuel tank,,"11064_17615_BNSZ.jpg, 11064_17616_9BsW.jpg"
ｼﾎﾞﾚｰ,,,1999,fuel tank,,"2256_3015_Dq4H.jpg, 2256_3016_3j6Q.jpg"
ﾒﾙｾﾃﾞｽﾍﾞﾝﾂ,S320,E-140032M,1998,fuel tank,,"4487_6219_d2je.jpg, 4487_6220_UBWt.jpg, 4487_6221_WsQt.jpg"
ﾒﾙｾﾃﾞｽﾍﾞﾝﾂ,,,,fuel tank,,"11391_18221_UXOj.jpg, 11391_18222_yqm3.jpg, 11391_18223_8RmV.jpg, 11391_18224_G2tc.jpg, 11391_18225_hfWe.jpg"
ﾒﾙｾﾃﾞｽﾍﾞﾝﾂ,,,,fuel tank,,1496_1785_jNQd.jpg
ﾒﾙｾﾃﾞｽﾍﾞﾝﾂ,A160,,,fuel tank,,4810_6675_YldJ.jpg
ﾒﾙｾﾃﾞｽﾍﾞﾝﾂ,,,2001,a/t transmission,,"1068_1219_YeER.jpg, 1068_1220_F7FJ.jpg"
BMW,Ｅ90,ＡＢＡ-ＶＡ20,2005/05,a/t transmission,,"3024_4212_RjFg.jpg, 3024_4213_YnYr.jpg, 3024_4214_o1Vd.jpg, 3024_4215_0xEv.jpg, 3024_4216_6UFN.jpg"
ﾒﾙｾﾃﾞｽﾍﾞﾝﾂ,,,,a/t transmission,,6520_9442_MdUr.jpg
ﾒﾙｾﾃﾞｽﾍﾞﾝﾂ,E500,GH-211070,2003,a/t transmission,,"4803_6670_tZlS.jpg, 4803_6671_gjyO.jpg"
ﾒﾙｾﾃﾞｽﾍﾞﾝﾂ,,,,a/t transmission,,3259_4537_4bWP.jpg
ﾒﾙｾﾃﾞｽﾍﾞﾝﾂ,,,2002,a/t transmission,,"11302_18062_WV8Q.jpg, 11302_18063_gvfj.jpg"
ﾒﾙｾﾃﾞｽﾍﾞﾝﾂ,,,,operating unit,,"11092_17665_8yJ4.jpg, 11092_17666_erAU.jpg, 11092_17667_EpCI.jpg, 11092_17668_FA49.jpg"
ﾒﾙｾﾃﾞｽﾍﾞﾝﾂ,C200,,1997,operating unit,,12323_19989_TrCP.jpg
ﾒﾙｾﾃﾞｽﾍﾞﾝﾂ,,,,operating unit,,"12417_20162_dz2C.jpg, 12417_20163_BhWo.jpg"
ﾒﾙｾﾃﾞｽﾍﾞﾝﾂ,,,2004,operating unit,,"9945_15053_tFG8.jpg, 9945_15054_QOwI.jpg, 9945_15055_HjBH.jpg"
ﾒﾙｾﾃﾞｽﾍﾞﾝﾂ,,,,operating unit,,"11219_17904_BZbd.jpg, 11219_17905_XOWx.jpg"
ﾒﾙｾﾃﾞｽﾍﾞﾝﾂ,,,,operating unit,,"10676_16795_DGLU.jpg, 10676_16796_1UI8.jpg, 10676_16797_bZJB.jpg"
ﾒﾙｾﾃﾞｽﾍﾞﾝﾂ,,GF-168033,,switch,,369_335_tzAl.jpg
ﾒﾙｾﾃﾞｽﾍﾞﾝﾂ,C230,,2005/.1,switch,,"2742_3788_8jeH.jpg, 2742_3789_fViP.jpg"
ﾒﾙｾﾃﾞｽﾍﾞﾝﾂ,,,,switch,,1824_2354_eLwf.jpg
ﾒﾙｾﾃﾞｽﾍﾞﾝﾂ,,,,switch,,"9824_14801_e69x.jpg, 9824_14802_oKxU.jpg"
ﾒﾙｾﾃﾞｽﾍﾞﾝﾂ,E350,,2005/.6,switch,,"2503_3422_Hjs2.jpg, 2503_3423_vi16.jpg"
ﾒﾙｾﾃﾞｽﾍﾞﾝﾂ,E320,E-210055,1997,switch,,4128_5742_bUPB.jpg
ｱｳﾃﾞｨ,,,2009,bumper,front,"12888_21154_ZqMT.jpg, 12888_21155_xKFU.jpg, 12888_21156_EWGG.jpg, 12888_21157_P91M.jpg, 12888_21158_3j3e.jpg"
ﾒﾙｾﾃﾞｽﾍﾞﾝﾂ,C200,,2001,bumper,front,"3661_5102_5hb0.jpg, 3661_5103_5ElF.jpg, 3661_5104_19pg.jpg"
ｻｰﾌﾞ,900TURBO,,1992,bumper,rear,"3332_4652_N6K9.jpg, 3332_4653_VV7k.jpg, 3332_4654_hdtY.jpg"
ｵﾍﾟﾙ,アストラＧ,ＧＦ－ＸＫ１８１,1,bumper,rear,"10340_15977_Lo1U.jpg, 10340_15978_UPN0.jpg, 10340_15979_cO4y.jpg, 10340_15980_mDSE.jpg"
ﾒﾙｾﾃﾞｽﾍﾞﾝﾂ,E280,124028,1995,bumper,rear,"12608_20545_HVid.jpg, 12608_20546_FpUF.jpg, 12608_20547_XI7C.jpg, 12608_20548_hRIi.jpg, 12608_20549_84fQ.jpg"
ﾒﾙｾﾃﾞｽﾍﾞﾝﾂ,E320,210065,2000,bumper,front,"4495_6230_4j0a.jpg, 4495_6231_OkvT.jpg"
ﾒﾙｾﾃﾞｽﾍﾞﾝﾂ,,,,audio,,"7409_10603_5UoP.jpg, 7409_10604_IlIB.jpg"
ｻｰﾌﾞ,,,,audio,,"3866_5378_WHOM.jpg, 3866_5379_DnSE.jpg, 3866_5380_KbS3.jpg, 3866_5381_D3af.jpg, 3866_5382_mIiM.jpg"
ﾒﾙｾﾃﾞｽﾍﾞﾝﾂ,,,,audio,,"12538_20410_7oe7.jpg, 12538_20411_rIfQ.jpg"
ﾒﾙｾﾃﾞｽﾍﾞﾝﾂ,,,,audio,,"3737_5199_Qp3f.jpg, 3737_5200_UiMP.jpg"
ﾒﾙｾﾃﾞｽﾍﾞﾝﾂ,E500,不明,1994,audio,,"5024_7018_r6Rh.jpg, 5024_7019_Xwng.jpg"
ﾒﾙｾﾃﾞｽﾍﾞﾝﾂ,,,,audio,,2594_3569_00Y0.jpg
ﾒﾙｾﾃﾞｽﾍﾞﾝﾂ,,,,control unit,,"3776_5256_I9hC.jpg, 3776_5257_OYOv.jpg"
ﾒﾙｾﾃﾞｽﾍﾞﾝﾂ,E320,,2003,control unit,,"5893_8415_WPcw.jpg, 5893_8416_NRdp.jpg, 5893_8417_jZyB.jpg"
ﾒﾙｾﾃﾞｽﾍﾞﾝﾂ,E240,,,control unit,,"8522_12381_ZcFA.jpg, 8522_12382_MZ80.jpg"
ﾒﾙｾﾃﾞｽﾍﾞﾝﾂ,,,,control unit,,"6780_9820_SwPR.jpg, 6780_9821_6IK5.jpg"
ﾒﾙｾﾃﾞｽﾍﾞﾝﾂ,E55AMG,,2001,control unit,,561_580_vpPZ.jpg
BMW,318I,E-CA18,1996,control unit,,"7408_10601_AruK.jpg, 7408_10602_qiYj.jpg"
ﾒﾙｾﾃﾞｽﾍﾞﾝﾂ,,,,ignition coil,,"3813_5309_qSVW.jpg, 3813_5310_HeGJ.jpg"
ﾒﾙｾﾃﾞｽﾍﾞﾝﾂ,S65AMG,,2005,ignition coil,,1928_2521_jvYC.jpg
ｵﾍﾟﾙ,VITA,TA-XN140,2003,ignition coil,,"11153_17781_M8DN.jpg, 11153_17782_9gC4.jpg"
ﾒﾙｾﾃﾞｽﾍﾞﾝﾂ,,,,ignition coil,,"5274_7459_anmK.jpg, 5274_7460_etj0.jpg"
ﾒﾙｾﾃﾞｽﾍﾞﾝﾂ,,,,ignition coil,,"1635_2027_fGfa.jpg, 1635_2028_XcHF.jpg"
ﾎﾟﾙｼｪ,アストラ,,2005,ignition coil,,3951_5526_kDkC.jpg
ﾒﾙｾﾃﾞｽﾍﾞﾝﾂ,,,2005,o2 sensor,,2510_3436_wuBO.jpg
ﾒﾙｾﾃﾞｽﾍﾞﾝﾂ,,,,o2 sensor,,"4341_6009_hZuq.jpg, 4341_6010_l2OC.jpg"
ｵﾍﾟﾙ,ベクトラ2.0,E-XH200W,1998,o2 sensor,,"10690_16836_DKW3.jpg, 10690_16837_fYz0.jpg, 10690_16838_t0BT.jpg"
ﾒﾙｾﾃﾞｽﾍﾞﾝﾂ,,,,o2 sensor,,12454_20241_7t1b.jpg
ﾒﾙｾﾃﾞｽﾍﾞﾝﾂ,C180,,2006,o2 sensor,rear,"13099_21646_4oKW.jpg, 13099_21647_ed5G.jpg"
ﾒﾙｾﾃﾞｽﾍﾞﾝﾂ,,,,o2 sensor,,"10084_15398_yO9a.jpg, 10084_15399_NkT6.jpg, 10084_15400_HTuJ.jpg"
ｵﾍﾟﾙ,,,97,abs/asr hydraulic unit,,"3681_5124_1Gkk.jpg, 3681_5125_OX7U.jpg"
ｻｰﾌﾞ,3-Sep,,1999,abs/asr hydraulic unit,,"6106_8784_xyVW.jpg, 6106_8785_8A7v.jpg"
ﾒﾙｾﾃﾞｽﾍﾞﾝﾂ,,,,abs/asr hydraulic unit,,"11030_17546_pT01.jpg, 11030_17547_EnGF.jpg"
ﾒﾙｾﾃﾞｽﾍﾞﾝﾂ,S550L,DBA-221171,2006,abs/asr hydraulic unit,,"10511_16393_YHx9.jpg, 10511_16394_xDFU.jpg, 10511_16395_NwiX.jpg"
ｵﾍﾟﾙ,,,2000,abs/asr hydraulic unit,,"4417_6101_n9yr.jpg, 4417_6102_505V.jpg, 4417_6103_Kabv.jpg"
ﾒﾙｾﾃﾞｽﾍﾞﾝﾂ,C240,,1999,abs/asr hydraulic unit,,4601_6378_zxzz.jpg
ﾒﾙｾﾃﾞｽﾍﾞﾝﾂ,C280,202029,1997,side step protector,right,"3580_4997_GqnN.jpg, 3580_4998_YU3w.jpg"
ﾒﾙｾﾃﾞｽﾍﾞﾝﾂ,B200,,2006,side step protector,left,320_270_xju9.jpg
ﾒﾙｾﾃﾞｽﾍﾞﾝﾂ,E500AV,211070,2003,side step protector,left,"6234_8987_e1qb.jpg, 6234_8988_kQf1.jpg"
ﾒﾙｾﾃﾞｽﾍﾞﾝﾂ,C250,204047,2010,side step protector,right,"9358_13868_LvvJ.jpg, 9358_13869_ohhw.jpg"
ﾒﾙｾﾃﾞｽﾍﾞﾝﾂ,CLK320,209365,2003,side step protector,left,"9975_15122_ineD.jpg, 9975_15123_IlAL.jpg, 9975_15124_PoI6.jpg"
ﾒﾙｾﾃﾞｽﾍﾞﾝﾂ,E240,211061,2005,side step protector,left,"3323_4637_yssK.jpg, 3323_4638_ZfU7.jpg"
